Directory,Num all files,Size all files (B),"Num code files (cpp, py, c, h, sh)",Size code files (B),*,All line additions,All line removals,All files changed,Ratio all files changed,All changed bytes,Ratio all bytes changed (B),*,Code line additions,Code line removals,Code files changed,Ratio code files changed,Code changed bytes (B),Ratio code bytes changed,*,File extenension histogram
bitcoin-0.10.0,1095,14620679,568,4165742,*,0,0,0,0.0000%,0,0,*,0,0,0,0,0,0.0000%,*,".h (233), .cpp (179), .png (126), .md (88), .ts (71), .cc (70),  (46), .py (41), .mk (39), .m4 (17), .sh (16), .ui (16), .pgp (11), .bmp (11), .json (11), .svg (9), .txt (8), .hex (8), .patch (7), .in (7), .c (7), .yml (6), .ico (6), .xpm (5), .conf (4), .rc (4), .am (3), .include (3), .html (3), .ac (2), .bash-completion (2), .install (2), .lintian-overrides (2), .1 (2), .pem (2), .qrc (2), .mm (2), .pro (1), .desktop (1), .protocol (1), .examples (1), .manpages (1), .5 (1), .openrc (1), .openrcconf (1), .service (1), .cfg (1), .psd (1), .plist (1), .guess (1), .sub (1), .packages (1), .usage (1), .pri (1), .xcf (1), .css (1), .proto (1), .icns (1), .asm (1), .java (1), .raw (1)"
bitcoin-0.10.1,1099,14808599,571,4187910,*,7876,3561,102,9.2812%,6471407,0.437003325,*,777,344,28,0.049036778,638374,15.2433%,*,".h (233), .cpp (180), .png (126), .md (89), .ts (71), .cc (70),  (46), .py (43), .mk (39), .m4 (17), .sh (16), .ui (16), .pgp (11), .bmp (11), .json (11), .svg (9), .txt (8), .hex (8), .patch (7), .in (7), .c (7), .yml (6), .ico (6), .xpm (5), .conf (4), .rc (4), .am (3), .include (3), .html (3), .ac (2), .bash-completion (2), .install (2), .lintian-overrides (2), .1 (2), .pem (2), .qrc (2), .mm (2), .pro (1), .desktop (1), .protocol (1), .examples (1), .manpages (1), .5 (1), .openrc (1), .openrcconf (1), .service (1), .cfg (1), .psd (1), .plist (1), .guess (1), .sub (1), .packages (1), .usage (1), .pri (1), .xcf (1), .css (1), .proto (1), .icns (1), .asm (1), .java (1), .raw (1)"
bitcoin-0.10.2,1099,14946005,571,4188532,*,3687,703,80,7.2793%,5857121,0.39188539,*,23,8,5,0.008756567,82531,1.9704%,*,".h (233), .cpp (180), .png (126), .md (89), .ts (71), .cc (70),  (46), .py (43), .mk (39), .m4 (17), .sh (16), .ui (16), .pgp (11), .bmp (11), .json (11), .svg (9), .txt (8), .hex (8), .patch (7), .in (7), .c (7), .yml (6), .ico (6), .xpm (5), .conf (4), .rc (4), .am (3), .include (3), .html (3), .ac (2), .bash-completion (2), .install (2), .lintian-overrides (2), .1 (2), .pem (2), .qrc (2), .mm (2), .pro (1), .desktop (1), .protocol (1), .examples (1), .manpages (1), .5 (1), .openrc (1), .openrcconf (1), .service (1), .cfg (1), .psd (1), .plist (1), .guess (1), .sub (1), .packages (1), .usage (1), .pri (1), .xcf (1), .css (1), .proto (1), .icns (1), .asm (1), .java (1), .raw (1)"
bitcoin-0.10.3,1099,14984493,571,4194019,*,4451,3633,99,9.0082%,6424300,0.428729888,*,151,56,29,0.050788091,769042,18.3366%,*,".h (233), .cpp (180), .png (126), .md (89), .ts (71), .cc (70),  (46), .py (43), .mk (39), .m4 (17), .sh (16), .ui (16), .pgp (11), .bmp (11), .json (11), .svg (9), .txt (8), .hex (8), .patch (7), .in (7), .c (7), .yml (6), .ico (6), .xpm (5), .conf (4), .rc (4), .am (3), .include (3), .html (3), .ac (2), .bash-completion (2), .install (2), .lintian-overrides (2), .1 (2), .pem (2), .qrc (2), .mm (2), .pro (1), .desktop (1), .protocol (1), .examples (1), .manpages (1), .5 (1), .openrc (1), .openrcconf (1), .service (1), .cfg (1), .psd (1), .plist (1), .guess (1), .sub (1), .packages (1), .usage (1), .pri (1), .xcf (1), .css (1), .proto (1), .icns (1), .asm (1), .java (1), .raw (1)"
bitcoin-0.10.4,1106,15052095,573,4205693,*,1897,454,62,5.6058%,1746251,0.116013817,*,519,264,30,0.052356021,624440,14.8475%,*,".h (233), .cpp (180), .png (126), .md (93), .ts (71), .cc (70),  (46), .py (45), .mk (39), .m4 (17), .sh (16), .ui (16), .pgp (11), .bmp (11), .json (11), .svg (9), .txt (8), .hex (8), .patch (7), .in (7), .c (7), .yml (6), .ico (6), .xpm (5), .conf (4), .rc (4), .am (3), .install (3), .include (3), .html (3), .ac (2), .bash-completion (2), .lintian-overrides (2), .1 (2), .pem (2), .qrc (2), .mm (2), .pro (1), .desktop (1), .protocol (1), .examples (1), .manpages (1), .5 (1), .openrc (1), .openrcconf (1), .service (1), .cfg (1), .psd (1), .plist (1), .guess (1), .sub (1), .packages (1), .usage (1), .pri (1), .xcf (1), .css (1), .proto (1), .icns (1), .asm (1), .java (1), .raw (1)"
bitcoin-0.11.1,1154,16729098,615,4718261,*,37157,24777,773,66.9844%,12486528,0.746395771,*,23678,9482,439,0.713821138,3744208,79.3557%,*,".h (249), .cpp (189), .png (123), .md (96), .ts (71), .cc (70), .py (61),  (46), .mk (37), .sh (16), .m4 (16), .ui (16), .svg (15), .pgp (13), .bmp (11), .json (9), .in (8), .txt (8), .patch (8), .c (8), .hex (8), .yml (7), .rc (5), .ico (5), .xpm (5), .conf (4), .am (3), .1 (3), .include (3), .html (3), .ac (2), .bash-completion (2), .install (2), .lintian-overrides (2), .pem (2), .qrc (2), .mm (2), .pro (1), .desktop (1), .protocol (1), .examples (1), .manpages (1), .5 (1), .init (1), .openrc (1), .openrcconf (1), .service (1), .cfg (1), .psd (1), .tiff (1), .plist (1), .strings (1), .guess (1), .sub (1), .pri (1), .xcf (1), .css (1), .proto (1), .icns (1), .java (1), .raw (1)"
bitcoin-0.11.2,1159,16779491,617,4734939,*,1366,465,65,5.6083%,1127026,0.067166877,*,643,281,37,0.059967585,827752,17.4818%,*,".h (249), .cpp (189), .png (123), .md (98), .ts (71), .cc (70), .py (63),  (46), .mk (37), .sh (16), .m4 (16), .ui (16), .svg (15), .pgp (13), .bmp (11), .json (9), .in (8), .txt (8), .patch (8), .c (8), .hex (8), .yml (7), .rc (5), .ico (5), .xpm (5), .conf (4), .am (3), .install (3), .1 (3), .include (3), .html (3), .ac (2), .bash-completion (2), .lintian-overrides (2), .pem (2), .qrc (2), .mm (2), .pro (1), .desktop (1), .protocol (1), .examples (1), .manpages (1), .5 (1), .init (1), .openrc (1), .openrcconf (1), .service (1), .cfg (1), .psd (1), .tiff (1), .plist (1), .strings (1), .guess (1), .sub (1), .pri (1), .xcf (1), .css (1), .proto (1), .icns (1), .java (1), .raw (1)"
bitcoin-0.12.0,1286,18707622,678,5550438,*,59570,21951,808,62.8305%,13262892,0.708956595,*,32067,8814,448,0.660766962,4430289,79.8187%,*,".h (267), .cpp (204), .png (122), .md (105), .py (85), .ts (77), .cc (70),  (52), .json (50), .mk (39), .pgp (19), .m4 (17), .svg (17), .ui (16), .sh (15), .c (13), .in (10), .hex (10), .patch (9), .yml (8), .txt (7), .include (7), .xpm (5), .am (4), .conf (4), .rc (4), .ac (3), .install (3), .1 (3), .html (3), .bash-completion (2), .lintian-overrides (2), .plist (2), .pem (2), .ico (2), .bmp (2), .qrc (2), .mm (2), .pro (1), .desktop (1), .protocol (1), .examples (1), .manpages (1), .5 (1), .init (1), .openrc (1), .openrcconf (1), .service (1), .cfg (1), .psd (1), .tiff (1), .strings (1), .guess (1), .sub (1), .pri (1), .css (1), .proto (1), .icns (1), .java (1), .raw (1)"
bitcoin-0.12.1,1299,19029384,685,5667895,*,9390,1323,93,7.1594%,3893945,0.204628011,*,2741,148,45,0.065693431,1182273,20.8591%,*,".h (268), .cpp (206), .png (122), .md (105), .py (89), .ts (83), .cc (70),  (52), .json (50), .mk (39), .pgp (19), .m4 (17), .svg (17), .ui (16), .sh (15), .c (13), .in (10), .hex (10), .patch (9), .yml (8), .txt (7), .include (7), .xpm (5), .am (4), .conf (4), .rc (4), .ac (3), .install (3), .1 (3), .html (3), .bash-completion (2), .lintian-overrides (2), .plist (2), .pem (2), .ico (2), .bmp (2), .qrc (2), .mm (2), .pro (1), .desktop (1), .protocol (1), .examples (1), .manpages (1), .5 (1), .init (1), .openrc (1), .openrcconf (1), .service (1), .cfg (1), .psd (1), .tiff (1), .strings (1), .guess (1), .sub (1), .pri (1), .css (1), .proto (1), .icns (1), .java (1), .raw (1)"
bitcoin-0.13.0,1363,16225523,719,6244200,*,38487,80008,619,45.4145%,10230288,0.630505901,*,21292,6669,355,0.493741307,4078487,65.3164%,*,".h (276), .cpp (215), .png (125), .md (113), .py (101), .ts (85), .cc (70), .json (54),  (52), .mk (42), .pgp (22), .m4 (18), .svg (18), .c (16), .ui (16), .sh (14), .hex (12), .in (11), .patch (10), .yml (8), .include (8), .txt (6), .bash-completion (5), .xpm (5), .am (4), .conf (4), .rc (4), .ac (3), .install (3), .1 (3), .ico (3), .html (3), .lintian-overrides (2), .plist (2), .pem (2), .bmp (2), .qrc (2), .mm (2), .pro (1), .desktop (1), .protocol (1), .examples (1), .manpages (1), .5 (1), .init (1), .openrc (1), .openrcconf (1), .service (1), .cfg (1), .fc (1), .if (1), .spec (1), .te (1), .guess (1), .sub (1), .pri (1), .css (1), .proto (1), .icns (1), .java (1)"
bitcoin-0.13.1,1383,17000206,724,6385859,*,21016,2433,247,17.8597%,7642750,0.449568082,*,3531,782,121,0.167127072,2235961,35.0143%,*,".h (276), .cpp (215), .png (125), .md (114), .py (106), .ts (86), .cc (70), .json (65),  (52), .mk (42), .pgp (22), .m4 (19), .svg (18), .c (16), .ui (16), .sh (14), .hex (12), .in (11), .patch (11), .yml (8), .include (8), .txt (6), .bash-completion (5), .xpm (5), .am (4), .conf (4), .rc (4), .ac (3), .install (3), .1 (3), .ico (3), .html (3), .lintian-overrides (2), .plist (2), .pem (2), .bmp (2), .qrc (2), .mm (2), .pro (1), .desktop (1), .protocol (1), .examples (1), .manpages (1), .5 (1), .init (1), .openrc (1), .openrcconf (1), .service (1), .cfg (1), .fc (1), .if (1), .spec (1), .te (1), .guess (1), .sub (1), .pri (1), .css (1), .proto (1), .icns (1), .java (1)"
bitcoin-0.13.2,1391,17703466,723,6427300,*,20573,2311,196,14.0906%,5572840,0.314788076,*,2381,618,118,0.163208852,2621440,40.7860%,*,".h (274), .cpp (214), .png (125), .md (116), .py (106), .ts (86), .cc (70), .json (65),  (51), .mk (42), .pgp (22), .m4 (20), .svg (18), .c (18), .ui (16), .sh (14), .hex (12), .in (11), .patch (11), .yml (8), .include (7), .txt (6), .bash-completion (5), .xpm (5), .am (4), .conf (4), .1 (4), .rc (4), .java (4), .ac (3), .install (3), .ico (3), .html (3), .sage (3), .lintian-overrides (2), .plist (2), .pem (2), .bmp (2), .qrc (2), .mm (2), .pro (1), .desktop (1), .protocol (1), .examples (1), .manpages (1), .5 (1), .init (1), .openrc (1), .openrcconf (1), .service (1), .cfg (1), .fc (1), .if (1), .spec (1), .te (1), .guess (1), .sub (1), .pri (1), .css (1), .proto (1), .icns (1), .s (1)"
bitcoin-0.14.0,1468,19755185,777,6920616,*,51875,24470,722,49.1826%,13245553,0.670484888,*,26620,13381,475,0.611325611,5392595,77.9207%,*,".h (287), .cpp (233), .png (128), .md (119), .py (112), .ts (86), .json (77), .cc (72),  (50), .mk (41), .hex (25), .pgp (23), .svg (21), .m4 (20), .c (18), .sh (17), .ui (17), .in (10), .patch (10), .yml (9), .include (7), .am (5), .bash-completion (5), .txt (5), .xpm (5), .conf (4), .1 (4), .rc (4), .java (4), .ac (3), .install (3), .manpages (3), .ico (3), .html (3), .sage (3), .lintian-overrides (2), .plist (2), .pem (2), .bmp (2), .qrc (2), .mm (2), .pro (1), .desktop (1), .protocol (1), .examples (1), .init (1), .openrc (1), .openrcconf (1), .service (1), .cfg (1), .fc (1), .if (1), .spec (1), .te (1), .guess (1), .sub (1), .raw (1), .css (1), .proto (1), .icns (1), .s (1)"
bitcoin-0.14.1,1468,19779824,777,6928159,*,1710,906,48,3.2698%,2807832,0.141954347,*,223,64,25,0.032175032,849533,12.2620%,*,".h (287), .cpp (233), .png (128), .md (119), .py (112), .ts (86), .json (77), .cc (72),  (50), .mk (41), .hex (25), .pgp (23), .svg (21), .m4 (20), .c (18), .sh (17), .ui (17), .in (10), .patch (10), .yml (9), .include (7), .am (5), .bash-completion (5), .txt (5), .xpm (5), .conf (4), .1 (4), .rc (4), .java (4), .ac (3), .install (3), .manpages (3), .ico (3), .html (3), .sage (3), .lintian-overrides (2), .plist (2), .pem (2), .bmp (2), .qrc (2), .mm (2), .pro (1), .desktop (1), .protocol (1), .examples (1), .init (1), .openrc (1), .openrcconf (1), .service (1), .cfg (1), .fc (1), .if (1), .spec (1), .te (1), .guess (1), .sub (1), .raw (1), .css (1), .proto (1), .icns (1), .s (1)"
bitcoin-0.14.2,1469,19899500,777,6932908,*,2944,283,41,2.7910%,2405978,0.120906455,*,135,23,10,0.012870013,400907,5.7827%,*,".h (287), .cpp (233), .png (128), .md (120), .py (112), .ts (86), .json (77), .cc (72),  (50), .mk (41), .hex (25), .pgp (23), .svg (21), .m4 (20), .c (18), .sh (17), .ui (17), .in (10), .patch (10), .yml (9), .include (7), .am (5), .bash-completion (5), .txt (5), .xpm (5), .conf (4), .1 (4), .rc (4), .java (4), .ac (3), .install (3), .manpages (3), .ico (3), .html (3), .sage (3), .lintian-overrides (2), .plist (2), .pem (2), .bmp (2), .qrc (2), .mm (2), .pro (1), .desktop (1), .protocol (1), .examples (1), .init (1), .openrc (1), .openrcconf (1), .service (1), .cfg (1), .fc (1), .if (1), .spec (1), .te (1), .guess (1), .sub (1), .raw (1), .css (1), .proto (1), .icns (1), .s (1)"
bitcoin-0.14.3,1470,19919589,778,6948174,*,902,319,42,2.8571%,1166387,0.058554772,*,656,232,27,0.03470437,1001480,14.4136%,*,".h (287), .cpp (234), .png (128), .md (120), .py (112), .ts (86), .json (77), .cc (72),  (50), .mk (41), .hex (25), .pgp (23), .svg (21), .m4 (20), .c (18), .sh (17), .ui (17), .in (10), .patch (10), .yml (9), .include (7), .am (5), .bash-completion (5), .txt (5), .xpm (5), .conf (4), .1 (4), .rc (4), .java (4), .ac (3), .install (3), .manpages (3), .ico (3), .html (3), .sage (3), .lintian-overrides (2), .plist (2), .pem (2), .bmp (2), .qrc (2), .mm (2), .pro (1), .desktop (1), .protocol (1), .examples (1), .init (1), .openrc (1), .openrcconf (1), .service (1), .cfg (1), .fc (1), .if (1), .spec (1), .te (1), .guess (1), .sub (1), .raw (1), .css (1), .proto (1), .icns (1), .s (1)"
bitcoin-0.15.0,1521,21083710,806,7322542,*,45552,19397,671,44.1157%,11319794,0.536897633,*,25626,14262,485,0.601736973,5955511,81.3312%,*,".h (297), .cpp (244), .png (129), .md (126), .py (120), .ts (101), .json (77), .cc (74),  (51), .mk (41), .hex (25), .pgp (23), .svg (21), .m4 (20), .sh (19), .c (17), .ui (17), .in (10), .patch (10), .yml (9), .include (7), .am (5), .bash-completion (5), .xpm (5), .conf (4), .1 (4), .rc (4), .java (4), .ac (3), .install (3), .manpages (3), .txt (3), .ico (3), .sage (3), .lintian-overrides (2), .plist (2), .pem (2), .bmp (2), .html (2), .qrc (2), .mm (2), .pro (1), .desktop (1), .protocol (1), .examples (1), .init (1), .openrc (1), .openrcconf (1), .service (1), .cfg (1), .fc (1), .if (1), .spec (1), .te (1), .cert (1), .guess (1), .sub (1), .raw (1), .proto (1), .icns (1), .s (1)"
bitcoin-0.15.0.1,1521,21101934,806,7322471,*,1996,954,19,1.2492%,1389889,0.065865479,*,3,3,2,0.00248139,38348,0.5237%,*,".h (297), .cpp (244), .png (129), .md (126), .py (120), .ts (101), .json (77), .cc (74),  (51), .mk (41), .hex (25), .pgp (23), .svg (21), .m4 (20), .sh (19), .c (17), .ui (17), .in (10), .patch (10), .yml (9), .include (7), .am (5), .bash-completion (5), .xpm (5), .conf (4), .1 (4), .rc (4), .java (4), .ac (3), .install (3), .manpages (3), .txt (3), .ico (3), .sage (3), .lintian-overrides (2), .plist (2), .pem (2), .bmp (2), .html (2), .qrc (2), .mm (2), .pro (1), .desktop (1), .protocol (1), .examples (1), .init (1), .openrc (1), .openrcconf (1), .service (1), .cfg (1), .fc (1), .if (1), .spec (1), .te (1), .cert (1), .guess (1), .sub (1), .raw (1), .proto (1), .icns (1), .s (1)"
bitcoin-0.15.1,1526,21257097,808,7402504,*,4841,1817,162,10.6160%,2968877,0.139665214,*,3567,1664,144,0.178217822,2733955,36.9328%,*,".h (296), .cpp (244), .png (129), .md (128), .py (123), .ts (101), .json (78), .cc (74),  (51), .mk (41), .hex (25), .pgp (23), .svg (21), .m4 (20), .sh (19), .c (17), .ui (17), .in (10), .patch (10), .yml (9), .include (7), .am (5), .bash-completion (5), .xpm (5), .conf (4), .1 (4), .rc (4), .java (4), .ac (3), .install (3), .manpages (3), .txt (3), .ico (3), .sage (3), .lintian-overrides (2), .plist (2), .pem (2), .bmp (2), .html (2), .qrc (2), .mm (2), .pro (1), .desktop (1), .protocol (1), .examples (1), .init (1), .openrc (1), .openrcconf (1), .service (1), .cfg (1), .fc (1), .if (1), .spec (1), .te (1), .cert (1), .guess (1), .sub (1), .raw (1), .proto (1), .icns (1), .s (1)"
bitcoin-0.15.2,1528,21255041,808,7404369,*,241,266,23,1.5052%,629636,0.029622902,*,70,44,13,0.016089109,526970,7.1170%,*,".h (296), .cpp (244), .png (129), .md (128), .py (123), .ts (101), .json (78), .cc (74),  (51), .mk (41), .hex (25), .pgp (23), .svg (21), .m4 (20), .sh (19), .c (17), .ui (17), .patch (12), .in (10), .yml (9), .include (7), .am (5), .bash-completion (5), .xpm (5), .conf (4), .1 (4), .rc (4), .java (4), .ac (3), .install (3), .manpages (3), .txt (3), .ico (3), .sage (3), .lintian-overrides (2), .plist (2), .pem (2), .bmp (2), .html (2), .qrc (2), .mm (2), .pro (1), .desktop (1), .protocol (1), .examples (1), .init (1), .openrc (1), .openrcconf (1), .service (1), .cfg (1), .fc (1), .if (1), .spec (1), .te (1), .cert (1), .guess (1), .sub (1), .raw (1), .proto (1), .icns (1), .s (1)"
bitcoin-0.16.0,1549,21636398,841,7631342,*,62761,23191,879,56.7463%,15292771,0.706807621,*,18056,12256,602,0.715814507,6290997,82.4363%,*,".h (302), .cpp (257), .py (133), .md (130), .ts (115), .png (96), .json (85), .cc (74),  (50), .mk (41), .pgp (26), .hex (25), .sh (23), .svg (21), .m4 (20), .c (17), .ui (17), .in (10), .yml (9), .patch (9), .include (7), .am (5), .bash-completion (5), .xpm (5), .conf (4), .1 (4), .rc (4), .java (4), .ac (3), .install (3), .manpages (3), .txt (3), .ico (3), .sage (3), .lintian-overrides (2), .plist (2), .bmp (2), .html (2), .qrc (2), .mm (2), .pro (1), .supp (1), .desktop (1), .protocol (1), .examples (1), .init (1), .openrc (1), .openrcconf (1), .service (1), .cfg (1), .fc (1), .if (1), .spec (1), .te (1), .cert (1), .guess (1), .sub (1), .raw (1), .proto (1), .icns (1), .s (1)"
bitcoin-0.16.1,1552,21824336,843,7649031,*,10153,5670,124,7.9897%,7487886,0.343097998,*,621,202,57,0.067615658,1663849,21.7524%,*,".h (302), .cpp (258), .py (134), .md (130), .ts (114), .png (96), .json (85), .cc (74),  (50), .mk (41), .pgp (26), .hex (25), .sh (23), .svg (21), .m4 (20), .c (17), .ui (17), .patch (11), .in (10), .yml (9), .include (7), .am (5), .bash-completion (5), .xpm (5), .conf (4), .1 (4), .rc (4), .java (4), .ac (3), .install (3), .manpages (3), .txt (3), .ico (3), .sage (3), .lintian-overrides (2), .plist (2), .bmp (2), .html (2), .qrc (2), .mm (2), .pro (1), .supp (1), .desktop (1), .protocol (1), .examples (1), .init (1), .openrc (1), .openrcconf (1), .service (1), .cfg (1), .fc (1), .if (1), .spec (1), .te (1), .cert (1), .guess (1), .sub (1), .raw (1), .proto (1), .icns (1), .s (1)"
bitcoin-0.16.2,1552,21824497,843,7650831,*,351,311,70,4.5103%,1905224,0.087297499,*,294,215,63,0.074733096,1807173,23.6206%,*,".h (302), .cpp (258), .py (134), .md (130), .ts (114), .png (96), .json (85), .cc (74),  (50), .mk (41), .pgp (26), .hex (25), .sh (23), .svg (21), .m4 (20), .c (17), .ui (17), .patch (11), .in (10), .yml (9), .include (7), .am (5), .bash-completion (5), .xpm (5), .conf (4), .1 (4), .rc (4), .java (4), .ac (3), .install (3), .manpages (3), .txt (3), .ico (3), .sage (3), .lintian-overrides (2), .plist (2), .bmp (2), .html (2), .qrc (2), .mm (2), .pro (1), .supp (1), .desktop (1), .protocol (1), .examples (1), .init (1), .openrc (1), .openrcconf (1), .service (1), .cfg (1), .fc (1), .if (1), .spec (1), .te (1), .cert (1), .guess (1), .sub (1), .raw (1), .proto (1), .icns (1), .s (1)"
bitcoin-0.16.3,1552,21831062,843,7658716,*,259,76,14,0.9021%,564825,0.025872539,*,216,7,8,0.009489917,478428,6.2468%,*,".h (302), .cpp (258), .py (134), .md (130), .ts (114), .png (96), .json (85), .cc (74),  (50), .mk (41), .pgp (26), .hex (25), .sh (23), .svg (21), .m4 (20), .c (17), .ui (17), .patch (11), .in (10), .yml (9), .include (7), .am (5), .bash-completion (5), .xpm (5), .conf (4), .1 (4), .rc (4), .java (4), .ac (3), .install (3), .manpages (3), .txt (3), .ico (3), .sage (3), .lintian-overrides (2), .plist (2), .bmp (2), .html (2), .qrc (2), .mm (2), .pro (1), .supp (1), .desktop (1), .protocol (1), .examples (1), .init (1), .openrc (1), .openrcconf (1), .service (1), .cfg (1), .fc (1), .if (1), .spec (1), .te (1), .cert (1), .guess (1), .sub (1), .raw (1), .proto (1), .icns (1), .s (1)"
bitcoin-0.17.0,1542,20802472,904,8316738,*,46243,65382,961,62.3217%,14650500,0.704267262,*,33372,17361,630,0.696902655,6621153,79.6124%,*,".h (317), .cpp (282), .py (148), .md (136), .png (97), .json (87), .ts (86), .cc (74),  (44), .mk (40), .sh (32), .hex (25), .svg (22), .m4 (19), .c (17), .ui (17), .in (10), .yml (9), .patch (8), .include (7), .am (5), .xpm (5), .txt (4), .1 (4), .rc (4), .java (4), .ac (3), .bash-completion (3), .conf (3), .ico (3), .sage (3), .plist (2), .bmp (2), .html (2), .qrc (2), .mm (2), .pro (1), .supp (1), .init (1), .openrc (1), .openrcconf (1), .service (1), .cfg (1), .cert (1), .guess (1), .sub (1), .raw (1), .proto (1), .icns (1), .s (1)"
bitcoin-0.17.0.1,1542,20734474,904,8316788,*,16,1082,6,0.3891%,116360,0.00561191,*,5,5,3,0.003318584,53335,0.6413%,*,".h (317), .cpp (282), .py (148), .md (136), .png (97), .json (87), .ts (86), .cc (74),  (44), .mk (40), .sh (32), .hex (25), .svg (22), .m4 (19), .c (17), .ui (17), .in (10), .yml (9), .patch (8), .include (7), .am (5), .xpm (5), .txt (4), .1 (4), .rc (4), .java (4), .ac (3), .bash-completion (3), .conf (3), .ico (3), .sage (3), .plist (2), .bmp (2), .html (2), .qrc (2), .mm (2), .pro (1), .supp (1), .init (1), .openrc (1), .openrcconf (1), .service (1), .cfg (1), .cert (1), .guess (1), .sub (1), .raw (1), .proto (1), .icns (1), .s (1)"
bitcoin-0.17.1,1544,20775776,906,8350261,*,1511,485,126,8.1606%,2008397,0.096670132,*,1316,430,112,0.123620309,1808633,21.6596%,*,".h (317), .cpp (282), .py (150), .md (136), .png (97), .json (87), .ts (86), .cc (74),  (44), .mk (40), .sh (32), .hex (25), .svg (22), .m4 (19), .c (17), .ui (17), .in (10), .yml (9), .patch (8), .include (7), .am (5), .xpm (5), .txt (4), .1 (4), .rc (4), .java (4), .ac (3), .bash-completion (3), .conf (3), .ico (3), .sage (3), .plist (2), .bmp (2), .html (2), .qrc (2), .mm (2), .pro (1), .supp (1), .init (1), .openrc (1), .openrcconf (1), .service (1), .cfg (1), .cert (1), .guess (1), .sub (1), .raw (1), .proto (1), .icns (1), .s (1)"
bitcoin-0.18.0,1677,22336780,985,8787158,*,55717,20566,807,48.1216%,14667105,0.656634707,*,24525,13331,560,0.568527919,6287773,71.5564%,*,".h (339), .cpp (310), .py (165), .md (148), .png (97), .ts (93), .json (88), .cc (74),  (49), .sh (45), .mk (39), .hex (25), .svg (22), .m4 (19), .in (18), .c (17), .ui (17), .vcxproj (15), .yml (10), .patch (9), .include (7), .am (5), .txt (5), .1 (5), .xpm (5), .rc (5), .java (4), .ac (3), .bash-completion (3), .conf (3), .ico (3), .mm (3), .sage (3), .plist (2), .bmp (2), .html (2), .qrc (2), .sln (1), .targets (1), .pro (1), .supp (1), .init (1), .openrc (1), .openrcconf (1), .service (1), .cfg (1), .cert (1), .guess (1), .sub (1), .raw (1), .proto (1), .icns (1), .s (1)"
bitcoin-0.18.1,1705,23062326,987,8805280,*,22799,2006,120,7.0381%,5148370,0.22323724,*,913,444,55,0.055724417,1705869,19.3733%,*,".h (339), .cpp (311), .py (166), .md (148), .ts (119), .png (97), .json (88), .cc (74),  (49), .sh (45), .mk (39), .hex (25), .svg (22), .m4 (19), .in (18), .c (17), .ui (17), .vcxproj (15), .yml (10), .patch (9), .include (7), .am (5), .txt (5), .1 (5), .xpm (5), .rc (5), .java (4), .ac (3), .bash-completion (3), .conf (3), .ico (3), .mm (3), .sage (3), .plist (2), .bmp (2), .html (2), .qrc (2), .sln (1), .targets (1), .pro (1), .supp (1), .init (1), .openrc (1), .openrcconf (1), .service (1), .cfg (1), .cert (1), .guess (1), .sub (1), .raw (1), .proto (1), .icns (1), .s (1)"
bitcoin-0.19.0.1,1760,22216921,1078,9355805,*,69160,98855,966,54.8864%,15446736,0.69526898,*,26436,13471,629,0.583487941,7396524,79.0581%,*,".h (365), .cpp (346), .py (174), .md (160), .json (88), .png (87), .ts (76), .cc (74), .sh (64),  (49), .mk (34), .hex (26), .svg (21), .in (19), .m4 (19), .c (18), .ui (18), .vcxproj (16), .yml (11), .patch (11), .include (8), .am (5), .txt (5), .1 (5), .xpm (5), .rc (5), .java (4), .ac (3), .bash-completion (3), .conf (3), .ico (3), .mm (3), .sage (3), .targets (2), .plist (2), .bmp (2), .html (2), .qrc (2), .yapf (1), .sln (1), .pro (1), .supp (1), .scm (1), .init (1), .openrc (1), .openrcconf (1), .service (1), .cfg (1), .cert (1), .guess (1), .sub (1), .raw (1), .proto (1), .icns (1), .s (1), .log (1), .dat (1)"
bitcoin-0.19.1,1762,22318550,1078,9368938,*,5583,4294,114,6.4699%,5964607,0.267248858,*,415,126,56,0.051948052,1523825,16.2647%,*,".h (365), .cpp (346), .py (174), .md (161), .json (90), .png (87), .cc (74), .ts (74), .sh (64),  (49), .mk (34), .hex (26), .svg (21), .in (19), .m4 (19), .c (18), .ui (18), .vcxproj (16), .yml (11), .patch (11), .include (8), .txt (6), .am (5), .1 (5), .xpm (5), .rc (5), .java (4), .ac (3), .bash-completion (3), .conf (3), .ico (3), .mm (3), .sage (3), .targets (2), .plist (2), .bmp (2), .html (2), .qrc (2), .yapf (1), .sln (1), .pro (1), .supp (1), .scm (1), .init (1), .openrc (1), .openrcconf (1), .service (1), .cfg (1), .cert (1), .guess (1), .sub (1), .raw (1), .proto (1), .icns (1), .s (1), .log (1), .dat (1)"
bitcoin-0.20.0,1931,23990311,1222,9996261,*,70715,31185,1219,63.1279%,17681031,0.737007161,*,35534,17480,922,0.754500818,8470069,84.7324%,*,".cpp (414), .h (393), .py (190), .md (166), .json (91), .cc (89), .png (87), .ts (85), .sh (70),  (53), .mk (31), .hex (28), .in (22), .svg (21), .c (19), .m4 (18), .ui (18), .vcxproj (16), .yml (14), .patch (13), .include (11), .txt (9), .am (5), .1 (5), .xpm (5), .rc (5), .java (4), .ac (3), .bash-completion (3), .conf (3), .ico (3), .mm (3), .sage (3), .targets (2), .plist (2), .bmp (2), .raw (2), .cmake (2), .html (2), .qrc (2), .yapf (1), .sln (1), .pro (1), .supp (1), .scm (1), .init (1), .openrc (1), .openrcconf (1), .service (1), .cfg (1), .cert (1), .guess (1), .sub (1), .icns (1), .s (1), .log (1), .dat (1)"
bitcoin-0.20.1,1931,24032469,1222,9998478,*,2395,1469,79,4.0911%,4898783,0.203840188,*,316,276,39,0.031914894,1256437,12.5663%,*,".cpp (414), .h (393), .py (190), .md (166), .json (91), .cc (89), .png (87), .ts (85), .sh (70),  (53), .mk (31), .hex (28), .in (22), .svg (21), .c (19), .m4 (18), .ui (18), .vcxproj (16), .yml (14), .patch (13), .include (11), .txt (9), .am (5), .1 (5), .xpm (5), .rc (5), .java (4), .ac (3), .bash-completion (3), .conf (3), .ico (3), .mm (3), .sage (3), .targets (2), .plist (2), .bmp (2), .raw (2), .cmake (2), .html (2), .qrc (2), .yapf (1), .sln (1), .pro (1), .supp (1), .scm (1), .init (1), .openrc (1), .openrcconf (1), .service (1), .cfg (1), .cert (1), .guess (1), .sub (1), .icns (1), .s (1), .log (1), .dat (1)"
bitcoin-0.21.0,2055,26682903,1324,11553928,*,93883,34260,1147,55.8151%,19473261,0.729802938,*,53457,18912,842,0.635951662,9388512,81.2582%,*,".cpp (467), .h (417), .py (209), .md (170), .json (92), .cc (89), .png (87), .ts (86), .sh (75),  (55), .mk (36), .hex (28), .patch (24), .in (22), .svg (21), .c (19), .ui (19), .m4 (18), .vcxproj (16), .yml (15), .include (13), .txt (8), .am (5), .1 (5), .xpm (5), .rc (5), .sage (4), .ac (3), .bash-completion (3), .conf (3), .ico (3), .mm (3), .targets (2), .plist (2), .bmp (2), .raw (2), .cmake (2), .html (2), .qrc (2), .yapf (1), .sln (1), .pro (1), .supp (1), .scm (1), .init (1), .openrc (1), .openrcconf (1), .service (1), .cfg (1), .cert (1), .guess (1), .sub (1), .icns (1), .s (1), .csv (1)"
bitcoin-0.21.1,2059,27313181,1327,11606475,*,22400,8470,127,6.1680%,8674266,0.317585345,*,1845,634,53,0.039939714,1630172,14.0454%,*,".cpp (468), .h (418), .py (210), .md (171), .json (92), .cc (89), .png (87), .ts (85), .sh (75),  (55), .mk (36), .hex (28), .patch (24), .in (22), .svg (21), .m4 (19), .c (19), .ui (19), .vcxproj (16), .yml (15), .include (13), .txt (8), .am (5), .1 (5), .xpm (5), .rc (5), .sage (4), .ac (3), .bash-completion (3), .conf (3), .ico (3), .mm (3), .targets (2), .plist (2), .bmp (2), .raw (2), .cmake (2), .html (2), .qrc (2), .yapf (1), .sln (1), .pro (1), .supp (1), .scm (1), .init (1), .openrc (1), .openrcconf (1), .service (1), .cfg (1), .cert (1), .guess (1), .sub (1), .icns (1), .s (1), .csv (1)"
bitcoin-22.0,2205,28362003,1432,12546038,*,131696,129836,1381,62.6304%,21394510,0.754337061,*,46319,22534,983,0.686452514,10467719,83.4345%,*,".cpp (516), .h (450), .py (233), .md (180), .png (93), .json (92), .cc (89), .ts (89), .sh (73),  (65), .mk (38), .hex (28), .patch (26), .in (23), .svg (21), .c (19), .ui (19), .vcxproj (17), .m4 (16), .yml (13), .include (13), .txt (8), .1 (6), .rc (6), .sage (6), .am (5), .xpm (5), .ac (3), .bash-completion (3), .bash (3), .conf (3), .ico (3), .mm (3), .targets (2), .pro (2), .bmp (2), .raw (2), .capnp (2), .html (2), .qrc (2), .yapf (1), .sln (1), .supp (1), .scm (1), .init (1), .openrc (1), .openrcconf (1), .service (1), .plist (1), .cfg (1), .cert (1), .guess (1), .sub (1), .cmake (1), .xml (1), .gradle (1), .properties (1), .java (1), .xlf (1), .ttf (1), .icns (1), .Dockerfile (1), .s (1), .csv (1)"
,,,,,,,,,,,,,,,,,,,,
,,,,,,,,,,,,,,,,,,,,
,Unit = Files,,,,,,,,,,,,,,,,,,,
,Unit = Bytes,,,,,,,,,,,,,,,,,,,
,Unit = Lines,,,,,,,,,,,,,,,,,,,
,Unit = %,,,,,,,,,,,,,,,,,,,
